indicator,country,date,unit,value
EG.FEC.RNEW.ZS,Africa Eastern and Southern(ZH),2020,,65.7823798017466
EG.FEC.RNEW.ZS,Africa Eastern and Southern(ZH),2019,,62.6907096127666
EG.FEC.RNEW.ZS,Africa Western and Central(ZI),2020,,75.846980103796
EG.FEC.RNEW.ZS,Africa Western and Central(ZI),2019,,75.0787881678252
EG.FEC.RNEW.ZS,Arab World(1A),2020,,5.17060073389405
EG.FEC.RNEW.ZS,Arab World(1A),2019,,4.70633158020559
EG.FEC.RNEW.ZS,Caribbean small states(S3),2020,,6.28843567906768
EG.FEC.RNEW.ZS,Caribbean small states(S3),2019,,5.88822815533981
EG.FEC.RNEW.ZS,Central Europe and the Baltics(B8),2020,,19.6977838168354
EG.FEC.RNEW.ZS,Central Europe and the Baltics(B8),2019,,18.8601539560352
EG.FEC.RNEW.ZS,Early-demographic dividend(V2),2020,,24.9895503831566
EG.FEC.RNEW.ZS,Early-demographic dividend(V2),2019,,23.4235915027361
EG.FEC.RNEW.ZS,East Asia & Pacific(Z4),2020,,14.8081424064458
EG.FEC.RNEW.ZS,East Asia & Pacific(Z4),2019,,14.2375892668268
EG.FEC.RNEW.ZS,East Asia & Pacific (excluding high income)(4E),2020,,16.1762699381612
EG.FEC.RNEW.ZS,East Asia & Pacific (excluding high income)(4E),2019,,15.6869369882801
EG.FEC.RNEW.ZS,East Asia & Pacific (IDA & IBRD countries)(T4),2020,,16.2041019103429
EG.FEC.RNEW.ZS,East Asia & Pacific (IDA & IBRD countries)(T4),2019,,15.7206717226655
EG.FEC.RNEW.ZS,Euro area(XC),2020,,19.8249328729026
EG.FEC.RNEW.ZS,Euro area(XC),2019,,18.1503858953027
EG.FEC.RNEW.ZS,Europe & Central Asia(Z7),2020,,15.106449203531
EG.FEC.RNEW.ZS,Europe & Central Asia(Z7),2019,,14.0059727126658
EG.FEC.RNEW.ZS,Europe & Central Asia (excluding high income)(7E),2020,,10.0604471757322
EG.FEC.RNEW.ZS,Europe & Central Asia (excluding high income)(7E),2019,,10.0324286162535
EG.FEC.RNEW.ZS,Europe & Central Asia (IDA & IBRD countries)(T7),2020,,8.02684416318492
EG.FEC.RNEW.ZS,Europe & Central Asia (IDA & IBRD countries)(T7),2019,,7.59012527634488
EG.FEC.RNEW.ZS,European Union(EU),2020,,21.0591470733795
EG.FEC.RNEW.ZS,European Union(EU),2019,,19.3440009483852
EG.FEC.RNEW.ZS,Heavily indebted poor countries (HIPC)(XE),2020,,76.0353291030768
EG.FEC.RNEW.ZS,Heavily indebted poor countries (HIPC)(XE),2019,,74.8448133256749
EG.FEC.RNEW.ZS,High income(XD),2020,,12.7831808525723
EG.FEC.RNEW.ZS,High income(XD),2019,,11.7839130112794
EG.FEC.RNEW.ZS,IBRD only(XF),2020,,18.0085051596372
EG.FEC.RNEW.ZS,IBRD only(XF),2019,,17.0666276982215
EG.FEC.RNEW.ZS,IDA & IBRD total(ZT),2020,,23.435247290857
EG.FEC.RNEW.ZS,IDA & IBRD total(ZT),2019,,22.4318628279228
EG.FEC.RNEW.ZS,IDA blend(XH),2020,,60.0736911684857
EG.FEC.RNEW.ZS,IDA blend(XH),2019,,60.7067624481493
EG.FEC.RNEW.ZS,IDA only(XI),2020,,67.3560634206125
EG.FEC.RNEW.ZS,IDA only(XI),2019,,66.1344154982874
EG.FEC.RNEW.ZS,IDA total(XG),2020,,63.7525629244284
EG.FEC.RNEW.ZS,IDA total(XG),2019,,63.4454503938806
EG.FEC.RNEW.ZS,Late-demographic dividend(V3),2020,,15.8291260683112
EG.FEC.RNEW.ZS,Late-demographic dividend(V3),2019,,15.1930553100861
EG.FEC.RNEW.ZS,Latin America & Caribbean(ZJ),2020,,34.1964972995889
EG.FEC.RNEW.ZS,Latin America & Caribbean(ZJ),2019,,30.6248117743588
EG.FEC.RNEW.ZS,Latin America & Caribbean (excluding high income)(XJ),2020,,34.8009281991427
EG.FEC.RNEW.ZS,Latin America & Caribbean (excluding high income)(XJ),2019,,31.0995992132705
EG.FEC.RNEW.ZS,Latin America & the Caribbean (IDA & IBRD countries)(T2),2020,,34.4989632470857
EG.FEC.RNEW.ZS,Latin America & the Caribbean (IDA & IBRD countries)(T2),2019,,30.8730849505438
EG.FEC.RNEW.ZS,Least developed countries: UN classification(XL),2020,,70.885707743194
EG.FEC.RNEW.ZS,Least developed countries: UN classification(XL),2019,,69.5024909470932
EG.FEC.RNEW.ZS,Low & middle income(XO),2020,,25.2319411619148
EG.FEC.RNEW.ZS,Low & middle income(XO),2019,,24.2477140331693
EG.FEC.RNEW.ZS,Low income(XM),2020,,74.5621747727499
EG.FEC.RNEW.ZS,Low income(XM),2019,,72.5005003490808
EG.FEC.RNEW.ZS,Lower middle income(XN),2020,,43.3396056818626
EG.FEC.RNEW.ZS,Lower middle income(XN),2019,,41.4201607411296
EG.FEC.RNEW.ZS,"Middle East, North Africa, Afghanistan & Pakistan(ZQ)",2020,,7.54675702757893
EG.FEC.RNEW.ZS,"Middle East, North Africa, Afghanistan & Pakistan(ZQ)",2019,,7.59670819188084
EG.FEC.RNEW.ZS,"Middle East, North Africa, Afghanistan & Pakistan (excluding high income)(XQ)",2020,,11.2181326344417
EG.FEC.RNEW.ZS,"Middle East, North Africa, Afghanistan & Pakistan (excluding high income)(XQ)",2019,,11.4865470725413
EG.FEC.RNEW.ZS,"Middle East, North Africa, Afghanistan & Pakistan (IDA & IBRD)(T3)",2020,,11.2025085485546
EG.FEC.RNEW.ZS,"Middle East, North Africa, Afghanistan & Pakistan (IDA & IBRD)(T3)",2019,,11.4771071770715
EG.FEC.RNEW.ZS,Middle income(XP),2020,,23.3730029547735
EG.FEC.RNEW.ZS,Middle income(XP),2019,,22.4899574267419
EG.FEC.RNEW.ZS,North America(XU),2020,,12.4628823400948
EG.FEC.RNEW.ZS,North America(XU),2019,,11.5807525012806
EG.FEC.RNEW.ZS,OECD members(OE),2020,,14.8380363213872
EG.FEC.RNEW.ZS,OECD members(OE),2019,,13.6864487000325
EG.FEC.RNEW.ZS,Other small states(S4),2020,,45.4042214532872
EG.FEC.RNEW.ZS,Other small states(S4),2019,,42.3904707420726
EG.FEC.RNEW.ZS,Pacific island small states(S2),2020,,29.425845410628
EG.FEC.RNEW.ZS,Pacific island small states(S2),2019,,27.3889848812095
EG.FEC.RNEW.ZS,Post-demographic dividend(V4),2020,,14.4278548426441
EG.FEC.RNEW.ZS,Post-demographic dividend(V4),2019,,13.2726556995631
EG.FEC.RNEW.ZS,Pre-demographic dividend(V1),2020,,73.3285283869645
EG.FEC.RNEW.ZS,Pre-demographic dividend(V1),2019,,71.4398709500275
EG.FEC.RNEW.ZS,Small states(S1),2020,,34.2609139465875
EG.FEC.RNEW.ZS,Small states(S1),2019,,31.6559924886778
EG.FEC.RNEW.ZS,South Asia(8S),2020,,36.8864659122341
EG.FEC.RNEW.ZS,South Asia(8S),2019,,34.4293579877468
EG.FEC.RNEW.ZS,South Asia (IDA & IBRD)(T5),2020,,36.8864659122341
EG.FEC.RNEW.ZS,South Asia (IDA & IBRD)(T5),2019,,34.4293579877468
EG.FEC.RNEW.ZS,Sub-Saharan Africa(ZG),2020,,70.2701133853785
EG.FEC.RNEW.ZS,Sub-Saharan Africa(ZG),2019,,68.1693850218034
EG.FEC.RNEW.ZS,Sub-Saharan Africa (excluding high income)(ZF),2020,,70.2882962400544
EG.FEC.RNEW.ZS,Sub-Saharan Africa (excluding high income)(ZF),2019,,68.1866925105485
EG.FEC.RNEW.ZS,Sub-Saharan Africa (IDA & IBRD countries)(T6),2020,,70.2701133853785
EG.FEC.RNEW.ZS,Sub-Saharan Africa (IDA & IBRD countries)(T6),2019,,68.1693850218034
EG.FEC.RNEW.ZS,Upper middle income(XT),2020,,16.8249228694968
EG.FEC.RNEW.ZS,Upper middle income(XT),2019,,16.1357826998964
EG.FEC.RNEW.ZS,World(1W),2020,,19.7355641050053
EG.FEC.RNEW.ZS,World(1W),2019,,18.5751641385934
EG.FEC.RNEW.ZS,Afghanistan(AF),2022,,20.0
EG.FEC.RNEW.ZS,Afghanistan(AF),2021,,20.0
EG.FEC.RNEW.ZS,Afghanistan(AF),2020,,18.2
EG.FEC.RNEW.ZS,Afghanistan(AF),2019,,18.9
EG.FEC.RNEW.ZS,Albania(AL),2021,,41.9
EG.FEC.RNEW.ZS,Albania(AL),2020,,44.4
EG.FEC.RNEW.ZS,Albania(AL),2019,,40.1
EG.FEC.RNEW.ZS,Algeria(DZ),2021,,0.1
EG.FEC.RNEW.ZS,Algeria(DZ),2020,,0.1
EG.FEC.RNEW.ZS,Algeria(DZ),2019,,0.2
EG.FEC.RNEW.ZS,American Samoa(AS),2022,,0.4
EG.FEC.RNEW.ZS,American Samoa(AS),2021,,0.4
EG.FEC.RNEW.ZS,American Samoa(AS),2020,,0.4
EG.FEC.RNEW.ZS,American Samoa(AS),2019,,0.4
EG.FEC.RNEW.ZS,Andorra(AD),2022,,18.7
EG.FEC.RNEW.ZS,Andorra(AD),2021,,18.4
EG.FEC.RNEW.ZS,Andorra(AD),2020,,20.9
EG.FEC.RNEW.ZS,Andorra(AD),2019,,17.2
EG.FEC.RNEW.ZS,Angola(AO),2021,,52.9
EG.FEC.RNEW.ZS,Angola(AO),2020,,60.1
EG.FEC.RNEW.ZS,Angola(AO),2019,,51.0
EG.FEC.RNEW.ZS,Antigua and Barbuda(AG),2022,,0.9
EG.FEC.RNEW.ZS,Antigua and Barbuda(AG),2021,,0.9
EG.FEC.RNEW.ZS,Antigua and Barbuda(AG),2020,,0.9
EG.FEC.RNEW.ZS,Antigua and Barbuda(AG),2019,,0.7
EG.FEC.RNEW.ZS,Argentina(AR),2021,,9.2
EG.FEC.RNEW.ZS,Argentina(AR),2020,,9.8
EG.FEC.RNEW.ZS,Argentina(AR),2019,,10.7
EG.FEC.RNEW.ZS,Armenia(AM),2021,,9.1
EG.FEC.RNEW.ZS,Armenia(AM),2020,,8.4
EG.FEC.RNEW.ZS,Armenia(AM),2019,,10.3
EG.FEC.RNEW.ZS,Aruba(AW),2022,,8.8
EG.FEC.RNEW.ZS,Aruba(AW),2021,,8.8
EG.FEC.RNEW.ZS,Aruba(AW),2020,,9.1
EG.FEC.RNEW.ZS,Aruba(AW),2019,,8.3
EG.FEC.RNEW.ZS,Australia(AU),2021,,12.3
EG.FEC.RNEW.ZS,Australia(AU),2020,,11.2
EG.FEC.RNEW.ZS,Australia(AU),2019,,10.3
EG.FEC.RNEW.ZS,Austria(AT),2021,,36.0
EG.FEC.RNEW.ZS,Austria(AT),2020,,35.8
EG.FEC.RNEW.ZS,Austria(AT),2019,,34.0
EG.FEC.RNEW.ZS,Azerbaijan(AZ),2021,,1.3
EG.FEC.RNEW.ZS,Azerbaijan(AZ),2020,,1.3
EG.FEC.RNEW.ZS,Azerbaijan(AZ),2019,,1.7
EG.FEC.RNEW.ZS,"Bahamas, The(BS)",2022,,1.1
EG.FEC.RNEW.ZS,"Bahamas, The(BS)",2021,,1.1
EG.FEC.RNEW.ZS,"Bahamas, The(BS)",2020,,1.4
EG.FEC.RNEW.ZS,"Bahamas, The(BS)",2019,,1.1
EG.FEC.RNEW.ZS,Bahrain(BH),2021,,0.0
EG.FEC.RNEW.ZS,Bahrain(BH),2020,,0.0
EG.FEC.RNEW.ZS,Bahrain(BH),2019,,0.0
EG.FEC.RNEW.ZS,Bangladesh(BD),2021,,25.0
EG.FEC.RNEW.ZS,Bangladesh(BD),2020,,27.2
EG.FEC.RNEW.ZS,Bangladesh(BD),2019,,26.1
EG.FEC.RNEW.ZS,Barbados(BB),2022,,5.5
EG.FEC.RNEW.ZS,Barbados(BB),2021,,5.5
EG.FEC.RNEW.ZS,Barbados(BB),2020,,4.7
EG.FEC.RNEW.ZS,Barbados(BB),2019,,3.4
EG.FEC.RNEW.ZS,Belarus(BY),2021,,8.2
EG.FEC.RNEW.ZS,Belarus(BY),2020,,8.4
EG.FEC.RNEW.ZS,Belarus(BY),2019,,7.8
EG.FEC.RNEW.ZS,Belgium(BE),2021,,11.7
EG.FEC.RNEW.ZS,Belgium(BE),2020,,12.3
EG.FEC.RNEW.ZS,Belgium(BE),2019,,10.2
EG.FEC.RNEW.ZS,Belize(BZ),2022,,30.8
EG.FEC.RNEW.ZS,Belize(BZ),2021,,26.6
EG.FEC.RNEW.ZS,Belize(BZ),2020,,31.4
EG.FEC.RNEW.ZS,Belize(BZ),2019,,30.4
EG.FEC.RNEW.ZS,Benin(BJ),2021,,54.5
EG.FEC.RNEW.ZS,Benin(BJ),2020,,46.2
EG.FEC.RNEW.ZS,Benin(BJ),2019,,46.5
EG.FEC.RNEW.ZS,Bermuda(BM),2022,,0.9
EG.FEC.RNEW.ZS,Bermuda(BM),2021,,0.9
EG.FEC.RNEW.ZS,Bermuda(BM),2020,,0.9
EG.FEC.RNEW.ZS,Bermuda(BM),2019,,0.8
EG.FEC.RNEW.ZS,Bhutan(BT),2022,,82.5
EG.FEC.RNEW.ZS,Bhutan(BT),2021,,81.8
EG.FEC.RNEW.ZS,Bhutan(BT),2020,,83.9
EG.FEC.RNEW.ZS,Bhutan(BT),2019,,81.0
EG.FEC.RNEW.ZS,Bolivia(BO),2021,,12.8
EG.FEC.RNEW.ZS,Bolivia(BO),2020,,16.9
EG.FEC.RNEW.ZS,Bolivia(BO),2019,,13.5
EG.FEC.RNEW.ZS,Bosnia and Herzegovina(BA),2021,,36.6
EG.FEC.RNEW.ZS,Bosnia and Herzegovina(BA),2020,,37.7
EG.FEC.RNEW.ZS,Bosnia and Herzegovina(BA),2019,,36.8
EG.FEC.RNEW.ZS,Botswana(BW),2021,,27.4
EG.FEC.RNEW.ZS,Botswana(BW),2020,,27.7
EG.FEC.RNEW.ZS,Botswana(BW),2019,,26.2
EG.FEC.RNEW.ZS,Brazil(BR),2021,,46.5
EG.FEC.RNEW.ZS,Brazil(BR),2020,,50.0
EG.FEC.RNEW.ZS,Brazil(BR),2019,,47.5
EG.FEC.RNEW.ZS,British Virgin Islands(VG),2022,,1.3
EG.FEC.RNEW.ZS,British Virgin Islands(VG),2021,,1.3
EG.FEC.RNEW.ZS,British Virgin Islands(VG),2020,,1.3
EG.FEC.RNEW.ZS,British Virgin Islands(VG),2019,,1.2
EG.FEC.RNEW.ZS,Brunei Darussalam(BN),2021,,0.0
EG.FEC.RNEW.ZS,Brunei Darussalam(BN),2020,,0.0
EG.FEC.RNEW.ZS,Brunei Darussalam(BN),2019,,0.0
EG.FEC.RNEW.ZS,Bulgaria(BG),2021,,20.4
EG.FEC.RNEW.ZS,Bulgaria(BG),2020,,21.1
EG.FEC.RNEW.ZS,Bulgaria(BG),2019,,19.3
EG.FEC.RNEW.ZS,Burkina Faso(BF),2022,,71.4
EG.FEC.RNEW.ZS,Burkina Faso(BF),2021,,71.2
EG.FEC.RNEW.ZS,Burkina Faso(BF),2020,,73.1
EG.FEC.RNEW.ZS,Burkina Faso(BF),2019,,72.7
EG.FEC.RNEW.ZS,Burundi(BI),2022,,83.0
EG.FEC.RNEW.ZS,Burundi(BI),2021,,83.1
EG.FEC.RNEW.ZS,Burundi(BI),2020,,83.4
EG.FEC.RNEW.ZS,Burundi(BI),2019,,84.8
EG.FEC.RNEW.ZS,Cabo Verde(CV),2022,,21.8
EG.FEC.RNEW.ZS,Cabo Verde(CV),2021,,22.6
EG.FEC.RNEW.ZS,Cabo Verde(CV),2020,,23.4
EG.FEC.RNEW.ZS,Cabo Verde(CV),2019,,19.7
EG.FEC.RNEW.ZS,Cambodia(KH),2021,,52.4
EG.FEC.RNEW.ZS,Cambodia(KH),2020,,51.4
EG.FEC.RNEW.ZS,Cambodia(KH),2019,,53.0
EG.FEC.RNEW.ZS,Cameroon(CM),2021,,79.2
EG.FEC.RNEW.ZS,Cameroon(CM),2020,,78.9
EG.FEC.RNEW.ZS,Cameroon(CM),2019,,78.9
EG.FEC.RNEW.ZS,Canada(CA),2021,,23.8
EG.FEC.RNEW.ZS,Canada(CA),2020,,23.9
EG.FEC.RNEW.ZS,Canada(CA),2019,,22.4
EG.FEC.RNEW.ZS,Cayman Islands(KY),2022,,0.0
EG.FEC.RNEW.ZS,Cayman Islands(KY),2021,,0.0
EG.FEC.RNEW.ZS,Cayman Islands(KY),2020,,0.0
EG.FEC.RNEW.ZS,Cayman Islands(KY),2019,,0.0
EG.FEC.RNEW.ZS,Central African Republic(CF),2022,,90.9
EG.FEC.RNEW.ZS,Central African Republic(CF),2021,,90.9
EG.FEC.RNEW.ZS,Central African Republic(CF),2020,,90.9
EG.FEC.RNEW.ZS,Central African Republic(CF),2019,,91.3
EG.FEC.RNEW.ZS,Chad(TD),2022,,70.0
EG.FEC.RNEW.ZS,Chad(TD),2021,,69.9
EG.FEC.RNEW.ZS,Chad(TD),2020,,71.9
EG.FEC.RNEW.ZS,Chad(TD),2019,,72.8
EG.FEC.RNEW.ZS,Chile(CL),2021,,24.2
EG.FEC.RNEW.ZS,Chile(CL),2020,,26.7
EG.FEC.RNEW.ZS,Chile(CL),2019,,25.3
EG.FEC.RNEW.ZS,China(CN),2021,,15.2
EG.FEC.RNEW.ZS,China(CN),2020,,14.9
EG.FEC.RNEW.ZS,China(CN),2019,,14.3
EG.FEC.RNEW.ZS,Colombia(CO),2021,,29.7
EG.FEC.RNEW.ZS,Colombia(CO),2020,,32.0
EG.FEC.RNEW.ZS,Colombia(CO),2019,,31.5
EG.FEC.RNEW.ZS,Comoros(KM),2022,,39.3
EG.FEC.RNEW.ZS,Comoros(KM),2021,,41.2
EG.FEC.RNEW.ZS,Comoros(KM),2020,,50.8
EG.FEC.RNEW.ZS,Comoros(KM),2019,,55.3
EG.FEC.RNEW.ZS,"Congo, Dem. Rep.(CD)",2021,,96.3
EG.FEC.RNEW.ZS,"Congo, Dem. Rep.(CD)",2020,,96.2
EG.FEC.RNEW.ZS,"Congo, Dem. Rep.(CD)",2019,,96.3
EG.FEC.RNEW.ZS,"Congo, Rep.(CG)",2021,,71.4
EG.FEC.RNEW.ZS,"Congo, Rep.(CG)",2020,,71.4
EG.FEC.RNEW.ZS,"Congo, Rep.(CG)",2019,,69.8
EG.FEC.RNEW.ZS,Costa Rica(CR),2021,,34.2
EG.FEC.RNEW.ZS,Costa Rica(CR),2020,,36.4
EG.FEC.RNEW.ZS,Costa Rica(CR),2019,,33.4
EG.FEC.RNEW.ZS,Cote d'Ivoire(CI),2021,,58.2
EG.FEC.RNEW.ZS,Cote d'Ivoire(CI),2020,,61.8
EG.FEC.RNEW.ZS,Cote d'Ivoire(CI),2019,,61.1
EG.FEC.RNEW.ZS,Croatia(HR),2021,,34.1
EG.FEC.RNEW.ZS,Croatia(HR),2020,,32.4
EG.FEC.RNEW.ZS,Croatia(HR),2019,,31.6
EG.FEC.RNEW.ZS,Cuba(CU),2021,,20.9
EG.FEC.RNEW.ZS,Cuba(CU),2020,,24.5
EG.FEC.RNEW.ZS,Cuba(CU),2019,,23.1
EG.FEC.RNEW.ZS,Curacao(CW),2021,,2.8
EG.FEC.RNEW.ZS,Curacao(CW),2020,,2.8
EG.FEC.RNEW.ZS,Curacao(CW),2019,,2.5
EG.FEC.RNEW.ZS,Cyprus(CY),2021,,15.6
EG.FEC.RNEW.ZS,Cyprus(CY),2020,,15.0
EG.FEC.RNEW.ZS,Cyprus(CY),2019,,12.0
EG.FEC.RNEW.ZS,Czechia(CZ),2021,,17.2
EG.FEC.RNEW.ZS,Czechia(CZ),2020,,17.0
EG.FEC.RNEW.ZS,Czechia(CZ),2019,,15.9
EG.FEC.RNEW.ZS,Denmark(DK),2021,,39.5
EG.FEC.RNEW.ZS,Denmark(DK),2020,,39.5
EG.FEC.RNEW.ZS,Denmark(DK),2019,,37.2
EG.FEC.RNEW.ZS,Djibouti(DJ),2022,,26.9
EG.FEC.RNEW.ZS,Djibouti(DJ),2021,,26.6
EG.FEC.RNEW.ZS,Djibouti(DJ),2020,,27.5
EG.FEC.RNEW.ZS,Djibouti(DJ),2019,,23.4
EG.FEC.RNEW.ZS,Dominica(DM),2022,,8.9
EG.FEC.RNEW.ZS,Dominica(DM),2021,,8.8
EG.FEC.RNEW.ZS,Dominica(DM),2020,,8.6
EG.FEC.RNEW.ZS,Dominica(DM),2019,,7.6
EG.FEC.RNEW.ZS,Dominican Republic(DO),2021,,14.8
EG.FEC.RNEW.ZS,Dominican Republic(DO),2020,,16.0
EG.FEC.RNEW.ZS,Dominican Republic(DO),2019,,14.4
EG.FEC.RNEW.ZS,Ecuador(EC),2021,,18.9
EG.FEC.RNEW.ZS,Ecuador(EC),2020,,20.2
EG.FEC.RNEW.ZS,Ecuador(EC),2019,,17.7
EG.FEC.RNEW.ZS,"Egypt, Arab Rep.(EG)",2021,,6.1
EG.FEC.RNEW.ZS,"Egypt, Arab Rep.(EG)",2020,,6.7
EG.FEC.RNEW.ZS,"Egypt, Arab Rep.(EG)",2019,,6.2
EG.FEC.RNEW.ZS,El Salvador(SV),2021,,21.9
EG.FEC.RNEW.ZS,El Salvador(SV),2020,,23.7
EG.FEC.RNEW.ZS,El Salvador(SV),2019,,19.4
EG.FEC.RNEW.ZS,Equatorial Guinea(GQ),2022,,4.2
EG.FEC.RNEW.ZS,Equatorial Guinea(GQ),2021,,5.2
EG.FEC.RNEW.ZS,Equatorial Guinea(GQ),2020,,6.5
EG.FEC.RNEW.ZS,Equatorial Guinea(GQ),2019,,7.4
EG.FEC.RNEW.ZS,Eritrea(ER),2021,,80.7
EG.FEC.RNEW.ZS,Eritrea(ER),2020,,80.9
EG.FEC.RNEW.ZS,Eritrea(ER),2019,,80.6
EG.FEC.RNEW.ZS,Estonia(EE),2021,,38.0
EG.FEC.RNEW.ZS,Estonia(EE),2020,,40.4
EG.FEC.RNEW.ZS,Estonia(EE),2019,,31.3
EG.FEC.RNEW.ZS,Eswatini(SZ),2022,,64.7
EG.FEC.RNEW.ZS,Eswatini(SZ),2021,,65.4
EG.FEC.RNEW.ZS,Eswatini(SZ),2020,,63.7
EG.FEC.RNEW.ZS,Eswatini(SZ),2019,,64.4
EG.FEC.RNEW.ZS,Ethiopia(ET),2021,,90.6
EG.FEC.RNEW.ZS,Ethiopia(ET),2020,,90.7
EG.FEC.RNEW.ZS,Ethiopia(ET),2019,,89.3
EG.FEC.RNEW.ZS,Faroe Islands(FO),2022,,7.9
EG.FEC.RNEW.ZS,Faroe Islands(FO),2021,,5.1
EG.FEC.RNEW.ZS,Faroe Islands(FO),2020,,5.3
EG.FEC.RNEW.ZS,Faroe Islands(FO),2019,,5.4
EG.FEC.RNEW.ZS,Fiji(FJ),2022,,28.4
EG.FEC.RNEW.ZS,Fiji(FJ),2021,,29.7
EG.FEC.RNEW.ZS,Fiji(FJ),2020,,31.8
EG.FEC.RNEW.ZS,Fiji(FJ),2019,,26.5
EG.FEC.RNEW.ZS,Finland(FI),2021,,50.2
EG.FEC.RNEW.ZS,Finland(FI),2020,,47.3
EG.FEC.RNEW.ZS,Finland(FI),2019,,45.4
EG.FEC.RNEW.ZS,France(FR),2021,,16.2
EG.FEC.RNEW.ZS,France(FR),2020,,16.8
EG.FEC.RNEW.ZS,France(FR),2019,,15.5
EG.FEC.RNEW.ZS,French Polynesia(PF),2022,,7.0
EG.FEC.RNEW.ZS,French Polynesia(PF),2021,,7.4
EG.FEC.RNEW.ZS,French Polynesia(PF),2020,,8.2
EG.FEC.RNEW.ZS,French Polynesia(PF),2019,,7.7
EG.FEC.RNEW.ZS,Gabon(GA),2021,,91.3
EG.FEC.RNEW.ZS,Gabon(GA),2020,,91.3
EG.FEC.RNEW.ZS,Gabon(GA),2019,,90.2
EG.FEC.RNEW.ZS,"Gambia, The(GM)",2022,,47.7
EG.FEC.RNEW.ZS,"Gambia, The(GM)",2021,,48.6
EG.FEC.RNEW.ZS,"Gambia, The(GM)",2020,,49.8
EG.FEC.RNEW.ZS,"Gambia, The(GM)",2019,,47.4
EG.FEC.RNEW.ZS,Georgia(GE),2021,,25.2
EG.FEC.RNEW.ZS,Georgia(GE),2020,,23.4
EG.FEC.RNEW.ZS,Georgia(GE),2019,,24.7
EG.FEC.RNEW.ZS,Germany(DE),2021,,17.6
EG.FEC.RNEW.ZS,Germany(DE),2020,,18.5
EG.FEC.RNEW.ZS,Germany(DE),2019,,17.1
EG.FEC.RNEW.ZS,Ghana(GH),2021,,39.0
EG.FEC.RNEW.ZS,Ghana(GH),2020,,40.0
EG.FEC.RNEW.ZS,Ghana(GH),2019,,42.6
EG.FEC.RNEW.ZS,Gibraltar(GI),2021,,0.0
EG.FEC.RNEW.ZS,Gibraltar(GI),2020,,0.0
EG.FEC.RNEW.ZS,Gibraltar(GI),2019,,0.0
EG.FEC.RNEW.ZS,Greece(GR),2021,,21.5
EG.FEC.RNEW.ZS,Greece(GR),2020,,20.1
EG.FEC.RNEW.ZS,Greece(GR),2019,,18.5
EG.FEC.RNEW.ZS,Greenland(GL),2022,,11.7
EG.FEC.RNEW.ZS,Greenland(GL),2021,,11.6
EG.FEC.RNEW.ZS,Greenland(GL),2020,,11.8
EG.FEC.RNEW.ZS,Greenland(GL),2019,,10.9
EG.FEC.RNEW.ZS,Grenada(GD),2022,,10.0
EG.FEC.RNEW.ZS,Grenada(GD),2021,,10.2
EG.FEC.RNEW.ZS,Grenada(GD),2020,,10.3
EG.FEC.RNEW.ZS,Grenada(GD),2019,,10.4
EG.FEC.RNEW.ZS,Guam(GU),2022,,6.7
EG.FEC.RNEW.ZS,Guam(GU),2021,,4.5
EG.FEC.RNEW.ZS,Guam(GU),2020,,4.6
EG.FEC.RNEW.ZS,Guam(GU),2019,,4.5
EG.FEC.RNEW.ZS,Guatemala(GT),2021,,62.1
EG.FEC.RNEW.ZS,Guatemala(GT),2020,,65.5
EG.FEC.RNEW.ZS,Guatemala(GT),2019,,62.8
EG.FEC.RNEW.ZS,Guinea(GN),2022,,66.6
EG.FEC.RNEW.ZS,Guinea(GN),2021,,66.8
EG.FEC.RNEW.ZS,Guinea(GN),2020,,65.8
EG.FEC.RNEW.ZS,Guinea(GN),2019,,68.3
EG.FEC.RNEW.ZS,Guinea-Bissau(GW),2022,,87.4
EG.FEC.RNEW.ZS,Guinea-Bissau(GW),2021,,87.4
EG.FEC.RNEW.ZS,Guinea-Bissau(GW),2020,,87.2
EG.FEC.RNEW.ZS,Guinea-Bissau(GW),2019,,86.2
EG.FEC.RNEW.ZS,Guyana(GY),2022,,12.1
EG.FEC.RNEW.ZS,Guyana(GY),2021,,13.2
EG.FEC.RNEW.ZS,Guyana(GY),2020,,12.0
EG.FEC.RNEW.ZS,Guyana(GY),2019,,11.3
EG.FEC.RNEW.ZS,Haiti(HT),2021,,76.7
EG.FEC.RNEW.ZS,Haiti(HT),2020,,76.3
EG.FEC.RNEW.ZS,Haiti(HT),2019,,76.4
EG.FEC.RNEW.ZS,Honduras(HN),2021,,45.9
EG.FEC.RNEW.ZS,Honduras(HN),2020,,50.2
EG.FEC.RNEW.ZS,Honduras(HN),2019,,46.2
EG.FEC.RNEW.ZS,"Hong Kong SAR, China(HK)",2021,,0.4
EG.FEC.RNEW.ZS,"Hong Kong SAR, China(HK)",2020,,0.3
EG.FEC.RNEW.ZS,"Hong Kong SAR, China(HK)",2019,,0.2
EG.FEC.RNEW.ZS,Hungary(HU),2021,,15.3
EG.FEC.RNEW.ZS,Hungary(HU),2020,,14.8
EG.FEC.RNEW.ZS,Hungary(HU),2019,,13.6
EG.FEC.RNEW.ZS,Iceland(IS),2021,,82.4
EG.FEC.RNEW.ZS,Iceland(IS),2020,,82.9
EG.FEC.RNEW.ZS,Iceland(IS),2019,,81.7
EG.FEC.RNEW.ZS,India(IN),2021,,34.9
EG.FEC.RNEW.ZS,India(IN),2020,,36.1
EG.FEC.RNEW.ZS,India(IN),2019,,33.5
EG.FEC.RNEW.ZS,Indonesia(ID),2021,,20.2
EG.FEC.RNEW.ZS,Indonesia(ID),2020,,21.9
EG.FEC.RNEW.ZS,Indonesia(ID),2019,,19.8
EG.FEC.RNEW.ZS,"Iran, Islamic Rep.(IR)",2021,,0.9
EG.FEC.RNEW.ZS,"Iran, Islamic Rep.(IR)",2020,,0.9
EG.FEC.RNEW.ZS,"Iran, Islamic Rep.(IR)",2019,,1.0
EG.FEC.RNEW.ZS,Iraq(IQ),2021,,1.1
EG.FEC.RNEW.ZS,Iraq(IQ),2020,,1.1
EG.FEC.RNEW.ZS,Iraq(IQ),2019,,0.9
EG.FEC.RNEW.ZS,Ireland(IE),2021,,12.7
EG.FEC.RNEW.ZS,Ireland(IE),2020,,13.7
EG.FEC.RNEW.ZS,Ireland(IE),2019,,12.3
EG.FEC.RNEW.ZS,Isle of Man(IM),2022,,2.7
EG.FEC.RNEW.ZS,Isle of Man(IM),2021,,3.2
EG.FEC.RNEW.ZS,Isle of Man(IM),2020,,2.0
EG.FEC.RNEW.ZS,Isle of Man(IM),2019,,1.9
EG.FEC.RNEW.ZS,Israel(IL),2021,,6.2
EG.FEC.RNEW.ZS,Israel(IL),2020,,5.6
EG.FEC.RNEW.ZS,Israel(IL),2019,,4.5
EG.FEC.RNEW.ZS,Italy(IT),2021,,17.5
EG.FEC.RNEW.ZS,Italy(IT),2020,,18.7
EG.FEC.RNEW.ZS,Italy(IT),2019,,17.3
EG.FEC.RNEW.ZS,Jamaica(JM),2021,,10.5
EG.FEC.RNEW.ZS,Jamaica(JM),2020,,11.7
EG.FEC.RNEW.ZS,Jamaica(JM),2019,,9.2
EG.FEC.RNEW.ZS,Japan(JP),2021,,8.8
EG.FEC.RNEW.ZS,Japan(JP),2020,,8.5
EG.FEC.RNEW.ZS,Japan(JP),2019,,7.8
EG.FEC.RNEW.ZS,Jordan(JO),2021,,11.5
EG.FEC.RNEW.ZS,Jordan(JO),2020,,10.7
EG.FEC.RNEW.ZS,Jordan(JO),2019,,8.5
EG.FEC.RNEW.ZS,Kazakhstan(KZ),2021,,2.0
EG.FEC.RNEW.ZS,Kazakhstan(KZ),2020,,1.8
EG.FEC.RNEW.ZS,Kazakhstan(KZ),2019,,1.9
EG.FEC.RNEW.ZS,Kenya(KE),2021,,67.7
EG.FEC.RNEW.ZS,Kenya(KE),2020,,69.0
EG.FEC.RNEW.ZS,Kenya(KE),2019,,68.1
EG.FEC.RNEW.ZS,Kiribati(KI),2022,,41.9
EG.FEC.RNEW.ZS,Kiribati(KI),2021,,42.2
EG.FEC.RNEW.ZS,Kiribati(KI),2020,,42.2
EG.FEC.RNEW.ZS,Kiribati(KI),2019,,42.2
EG.FEC.RNEW.ZS,"Korea, Dem. People's Rep.(KP)",2021,,14.7
EG.FEC.RNEW.ZS,"Korea, Dem. People's Rep.(KP)",2020,,11.2
EG.FEC.RNEW.ZS,"Korea, Dem. People's Rep.(KP)",2019,,10.0
EG.FEC.RNEW.ZS,"Korea, Rep.(KR)",2021,,3.6
EG.FEC.RNEW.ZS,"Korea, Rep.(KR)",2020,,3.6
EG.FEC.RNEW.ZS,"Korea, Rep.(KR)",2019,,3.2
EG.FEC.RNEW.ZS,Kuwait(KW),2021,,0.1
EG.FEC.RNEW.ZS,Kuwait(KW),2020,,0.1
EG.FEC.RNEW.ZS,Kuwait(KW),2019,,0.1
EG.FEC.RNEW.ZS,Kyrgyz Republic(KG),2021,,27.6
EG.FEC.RNEW.ZS,Kyrgyz Republic(KG),2020,,30.0
EG.FEC.RNEW.ZS,Kyrgyz Republic(KG),2019,,28.3
EG.FEC.RNEW.ZS,Lao PDR(LA),2022,,49.2
EG.FEC.RNEW.ZS,Lao PDR(LA),2021,,51.5
EG.FEC.RNEW.ZS,Lao PDR(LA),2020,,50.6
EG.FEC.RNEW.ZS,Lao PDR(LA),2019,,50.5
EG.FEC.RNEW.ZS,Latvia(LV),2021,,44.0
EG.FEC.RNEW.ZS,Latvia(LV),2020,,43.8
EG.FEC.RNEW.ZS,Latvia(LV),2019,,41.5
EG.FEC.RNEW.ZS,Lebanon(LB),2021,,6.8
EG.FEC.RNEW.ZS,Lebanon(LB),2020,,6.3
EG.FEC.RNEW.ZS,Lebanon(LB),2019,,5.1
EG.FEC.RNEW.ZS,Lesotho(LS),2022,,34.9
EG.FEC.RNEW.ZS,Lesotho(LS),2021,,33.6
EG.FEC.RNEW.ZS,Lesotho(LS),2020,,43.2
EG.FEC.RNEW.ZS,Lesotho(LS),2019,,41.6
EG.FEC.RNEW.ZS,Liberia(LR),2022,,92.8
EG.FEC.RNEW.ZS,Liberia(LR),2021,,93.2
EG.FEC.RNEW.ZS,Liberia(LR),2020,,93.0
EG.FEC.RNEW.ZS,Liberia(LR),2019,,89.7
EG.FEC.RNEW.ZS,Libya(LY),2021,,3.1
EG.FEC.RNEW.ZS,Libya(LY),2020,,3.2
EG.FEC.RNEW.ZS,Libya(LY),2019,,3.0
EG.FEC.RNEW.ZS,Liechtenstein(LI),2022,,56.9
EG.FEC.RNEW.ZS,Liechtenstein(LI),2021,,53.6
EG.FEC.RNEW.ZS,Liechtenstein(LI),2020,,55.2
EG.FEC.RNEW.ZS,Liechtenstein(LI),2019,,56.1
EG.FEC.RNEW.ZS,Lithuania(LT),2021,,33.2
EG.FEC.RNEW.ZS,Lithuania(LT),2020,,31.7
EG.FEC.RNEW.ZS,Lithuania(LT),2019,,33.5
EG.FEC.RNEW.ZS,Luxembourg(LU),2021,,20.5
EG.FEC.RNEW.ZS,Luxembourg(LU),2020,,20.8
EG.FEC.RNEW.ZS,Luxembourg(LU),2019,,16.4
EG.FEC.RNEW.ZS,"Macao SAR, China(MO)",2022,,11.0
EG.FEC.RNEW.ZS,"Macao SAR, China(MO)",2021,,13.6
EG.FEC.RNEW.ZS,"Macao SAR, China(MO)",2020,,11.0
EG.FEC.RNEW.ZS,"Macao SAR, China(MO)",2019,,8.4
EG.FEC.RNEW.ZS,Madagascar(MG),2022,,83.1
EG.FEC.RNEW.ZS,Madagascar(MG),2021,,83.6
EG.FEC.RNEW.ZS,Madagascar(MG),2020,,84.7
EG.FEC.RNEW.ZS,Madagascar(MG),2019,,82.5
EG.FEC.RNEW.ZS,Malawi(MW),2022,,62.9
EG.FEC.RNEW.ZS,Malawi(MW),2021,,71.1
EG.FEC.RNEW.ZS,Malawi(MW),2020,,71.5
EG.FEC.RNEW.ZS,Malawi(MW),2019,,70.9
EG.FEC.RNEW.ZS,Malaysia(MY),2021,,7.5
EG.FEC.RNEW.ZS,Malaysia(MY),2020,,7.0
EG.FEC.RNEW.ZS,Malaysia(MY),2019,,5.7
EG.FEC.RNEW.ZS,Maldives(MV),2022,,1.2
EG.FEC.RNEW.ZS,Maldives(MV),2021,,1.4
EG.FEC.RNEW.ZS,Maldives(MV),2020,,1.6
EG.FEC.RNEW.ZS,Maldives(MV),2019,,1.3
EG.FEC.RNEW.ZS,Mali(ML),2022,,71.1
EG.FEC.RNEW.ZS,Mali(ML),2021,,71.2
EG.FEC.RNEW.ZS,Mali(ML),2020,,72.8
EG.FEC.RNEW.ZS,Mali(ML),2019,,74.9
EG.FEC.RNEW.ZS,Malta(MT),2021,,8.6
EG.FEC.RNEW.ZS,Malta(MT),2020,,9.2
EG.FEC.RNEW.ZS,Malta(MT),2019,,7.4
EG.FEC.RNEW.ZS,Marshall Islands(MH),2022,,12.2
EG.FEC.RNEW.ZS,Marshall Islands(MH),2021,,12.1
EG.FEC.RNEW.ZS,Marshall Islands(MH),2020,,12.0
EG.FEC.RNEW.ZS,Marshall Islands(MH),2019,,12.1
EG.FEC.RNEW.ZS,Mauritania(MR),2022,,19.6
EG.FEC.RNEW.ZS,Mauritania(MR),2021,,22.1
EG.FEC.RNEW.ZS,Mauritania(MR),2020,,20.9
EG.FEC.RNEW.ZS,Mauritania(MR),2019,,21.2
EG.FEC.RNEW.ZS,Mauritius(MU),2021,,8.6
EG.FEC.RNEW.ZS,Mauritius(MU),2020,,9.4
EG.FEC.RNEW.ZS,Mauritius(MU),2019,,8.9
EG.FEC.RNEW.ZS,Mexico(MX),2021,,13.0
EG.FEC.RNEW.ZS,Mexico(MX),2020,,12.3
EG.FEC.RNEW.ZS,Mexico(MX),2019,,10.3
EG.FEC.RNEW.ZS,"Micronesia, Fed. Sts.(FM)",2022,,2.0
EG.FEC.RNEW.ZS,"Micronesia, Fed. Sts.(FM)",2021,,2.1
EG.FEC.RNEW.ZS,"Micronesia, Fed. Sts.(FM)",2020,,2.0
EG.FEC.RNEW.ZS,"Micronesia, Fed. Sts.(FM)",2019,,2.0
EG.FEC.RNEW.ZS,Moldova(MD),2021,,21.4
EG.FEC.RNEW.ZS,Moldova(MD),2020,,22.3
EG.FEC.RNEW.ZS,Moldova(MD),2019,,22.0
EG.FEC.RNEW.ZS,Mongolia(MN),2021,,3.0
EG.FEC.RNEW.ZS,Mongolia(MN),2020,,2.9
EG.FEC.RNEW.ZS,Mongolia(MN),2019,,2.3
EG.FEC.RNEW.ZS,Montenegro(ME),2021,,39.6
EG.FEC.RNEW.ZS,Montenegro(ME),2020,,39.6
EG.FEC.RNEW.ZS,Montenegro(ME),2019,,38.7
EG.FEC.RNEW.ZS,Morocco(MA),2021,,10.9
EG.FEC.RNEW.ZS,Morocco(MA),2020,,11.1
EG.FEC.RNEW.ZS,Morocco(MA),2019,,10.7
EG.FEC.RNEW.ZS,Mozambique(MZ),2021,,76.9
EG.FEC.RNEW.ZS,Mozambique(MZ),2020,,80.2
EG.FEC.RNEW.ZS,Mozambique(MZ),2019,,77.5
EG.FEC.RNEW.ZS,Myanmar(MM),2021,,62.9
EG.FEC.RNEW.ZS,Myanmar(MM),2020,,59.2
EG.FEC.RNEW.ZS,Myanmar(MM),2019,,58.5
EG.FEC.RNEW.ZS,Namibia(NA),2021,,30.0
EG.FEC.RNEW.ZS,Namibia(NA),2020,,31.2
EG.FEC.RNEW.ZS,Namibia(NA),2019,,30.2
EG.FEC.RNEW.ZS,Nauru(NR),2022,,1.9
EG.FEC.RNEW.ZS,Nauru(NR),2021,,1.6
EG.FEC.RNEW.ZS,Nauru(NR),2020,,1.3
EG.FEC.RNEW.ZS,Nauru(NR),2019,,0.6
EG.FEC.RNEW.ZS,Nepal(NP),2021,,73.7
EG.FEC.RNEW.ZS,Nepal(NP),2020,,73.1
EG.FEC.RNEW.ZS,Nepal(NP),2019,,78.2
EG.FEC.RNEW.ZS,Netherlands(NL),2021,,12.2
EG.FEC.RNEW.ZS,Netherlands(NL),2020,,10.7
EG.FEC.RNEW.ZS,Netherlands(NL),2019,,8.6
EG.FEC.RNEW.ZS,New Caledonia(NC),2022,,9.6
EG.FEC.RNEW.ZS,New Caledonia(NC),2021,,8.3
EG.FEC.RNEW.ZS,New Caledonia(NC),2020,,6.1
EG.FEC.RNEW.ZS,New Caledonia(NC),2019,,5.2
EG.FEC.RNEW.ZS,New Zealand(NZ),2021,,28.9
EG.FEC.RNEW.ZS,New Zealand(NZ),2020,,28.7
EG.FEC.RNEW.ZS,New Zealand(NZ),2019,,28.0
EG.FEC.RNEW.ZS,Nicaragua(NI),2021,,50.4
EG.FEC.RNEW.ZS,Nicaragua(NI),2020,,52.2
EG.FEC.RNEW.ZS,Nicaragua(NI),2019,,50.5
EG.FEC.RNEW.ZS,Niger(NE),2021,,79.6
EG.FEC.RNEW.ZS,Niger(NE),2020,,81.9
EG.FEC.RNEW.ZS,Niger(NE),2019,,80.7
EG.FEC.RNEW.ZS,Nigeria(NG),2021,,80.3
EG.FEC.RNEW.ZS,Nigeria(NG),2020,,81.8
EG.FEC.RNEW.ZS,Nigeria(NG),2019,,80.1
EG.FEC.RNEW.ZS,North Macedonia(MK),2021,,19.5
EG.FEC.RNEW.ZS,North Macedonia(MK),2020,,20.0
EG.FEC.RNEW.ZS,North Macedonia(MK),2019,,17.0
EG.FEC.RNEW.ZS,Northern Mariana Islands(MP),2022,,0.5
EG.FEC.RNEW.ZS,Northern Mariana Islands(MP),2021,,0.5
EG.FEC.RNEW.ZS,Northern Mariana Islands(MP),2020,,0.3
EG.FEC.RNEW.ZS,Northern Mariana Islands(MP),2019,,0.0
EG.FEC.RNEW.ZS,Norway(NO),2021,,61.4
EG.FEC.RNEW.ZS,Norway(NO),2020,,60.9
EG.FEC.RNEW.ZS,Norway(NO),2019,,59.8
EG.FEC.RNEW.ZS,Oman(OM),2021,,0.1
EG.FEC.RNEW.ZS,Oman(OM),2020,,0.1
EG.FEC.RNEW.ZS,Oman(OM),2019,,0.0
EG.FEC.RNEW.ZS,Pakistan(PK),2021,,41.6
EG.FEC.RNEW.ZS,Pakistan(PK),2020,,42.7
EG.FEC.RNEW.ZS,Pakistan(PK),2019,,45.9
EG.FEC.RNEW.ZS,Palau(PW),2022,,0.9
EG.FEC.RNEW.ZS,Palau(PW),2021,,0.9
EG.FEC.RNEW.ZS,Palau(PW),2020,,0.9
EG.FEC.RNEW.ZS,Palau(PW),2019,,0.9
EG.FEC.RNEW.ZS,Panama(PA),2021,,28.0
EG.FEC.RNEW.ZS,Panama(PA),2020,,28.5
EG.FEC.RNEW.ZS,Panama(PA),2019,,19.0
EG.FEC.RNEW.ZS,Papua New Guinea(PG),2022,,54.6
EG.FEC.RNEW.ZS,Papua New Guinea(PG),2021,,54.5
EG.FEC.RNEW.ZS,Papua New Guinea(PG),2020,,53.6
EG.FEC.RNEW.ZS,Papua New Guinea(PG),2019,,53.2
EG.FEC.RNEW.ZS,Paraguay(PY),2021,,58.8
EG.FEC.RNEW.ZS,Paraguay(PY),2020,,61.5
EG.FEC.RNEW.ZS,Paraguay(PY),2019,,60.1
EG.FEC.RNEW.ZS,Peru(PE),2021,,30.6
EG.FEC.RNEW.ZS,Peru(PE),2020,,31.6
EG.FEC.RNEW.ZS,Peru(PE),2019,,27.1
EG.FEC.RNEW.ZS,Philippines(PH),2021,,28.0
EG.FEC.RNEW.ZS,Philippines(PH),2020,,29.1
EG.FEC.RNEW.ZS,Philippines(PH),2019,,26.9
EG.FEC.RNEW.ZS,Poland(PL),2021,,15.2
EG.FEC.RNEW.ZS,Poland(PL),2020,,16.1
EG.FEC.RNEW.ZS,Poland(PL),2019,,15.6
EG.FEC.RNEW.ZS,Portugal(PT),2021,,32.3
EG.FEC.RNEW.ZS,Portugal(PT),2020,,31.3
EG.FEC.RNEW.ZS,Portugal(PT),2019,,28.2
EG.FEC.RNEW.ZS,Puerto Rico (US)(PR),2022,,2.5
EG.FEC.RNEW.ZS,Puerto Rico (US)(PR),2021,,2.6
EG.FEC.RNEW.ZS,Puerto Rico (US)(PR),2020,,2.5
EG.FEC.RNEW.ZS,Puerto Rico (US)(PR),2019,,2.4
EG.FEC.RNEW.ZS,Qatar(QA),2021,,0.0
EG.FEC.RNEW.ZS,Qatar(QA),2020,,0.0
EG.FEC.RNEW.ZS,Qatar(QA),2019,,0.1
EG.FEC.RNEW.ZS,Romania(RO),2021,,23.6
EG.FEC.RNEW.ZS,Romania(RO),2020,,24.1
EG.FEC.RNEW.ZS,Romania(RO),2019,,23.5
EG.FEC.RNEW.ZS,Russian Federation(RU),2021,,3.5
EG.FEC.RNEW.ZS,Russian Federation(RU),2020,,3.7
EG.FEC.RNEW.ZS,Russian Federation(RU),2019,,3.2
EG.FEC.RNEW.ZS,Rwanda(RW),2022,,79.9
EG.FEC.RNEW.ZS,Rwanda(RW),2021,,79.4
EG.FEC.RNEW.ZS,Rwanda(RW),2020,,81.7
EG.FEC.RNEW.ZS,Rwanda(RW),2019,,81.8
EG.FEC.RNEW.ZS,Samoa(WS),2022,,35.9
EG.FEC.RNEW.ZS,Samoa(WS),2021,,36.0
EG.FEC.RNEW.ZS,Samoa(WS),2020,,35.6
EG.FEC.RNEW.ZS,Samoa(WS),2019,,34.2
EG.FEC.RNEW.ZS,Sao Tome and Principe(ST),2022,,42.5
EG.FEC.RNEW.ZS,Sao Tome and Principe(ST),2021,,40.8
EG.FEC.RNEW.ZS,Sao Tome and Principe(ST),2020,,41.6
EG.FEC.RNEW.ZS,Sao Tome and Principe(ST),2019,,38.6
EG.FEC.RNEW.ZS,Saudi Arabia(SA),2021,,0.1
EG.FEC.RNEW.ZS,Saudi Arabia(SA),2020,,0.1
EG.FEC.RNEW.ZS,Saudi Arabia(SA),2019,,0.0
EG.FEC.RNEW.ZS,Senegal(SN),2021,,35.4
EG.FEC.RNEW.ZS,Senegal(SN),2020,,38.7
EG.FEC.RNEW.ZS,Senegal(SN),2019,,36.2
EG.FEC.RNEW.ZS,Serbia(RS),2021,,27.2
EG.FEC.RNEW.ZS,Serbia(RS),2020,,26.0
EG.FEC.RNEW.ZS,Serbia(RS),2019,,21.4
EG.FEC.RNEW.ZS,Seychelles(SC),2022,,1.9
EG.FEC.RNEW.ZS,Seychelles(SC),2021,,1.7
EG.FEC.RNEW.ZS,Seychelles(SC),2020,,1.3
EG.FEC.RNEW.ZS,Seychelles(SC),2019,,1.2
EG.FEC.RNEW.ZS,Sierra Leone(SL),2022,,71.6
EG.FEC.RNEW.ZS,Sierra Leone(SL),2021,,71.1
EG.FEC.RNEW.ZS,Sierra Leone(SL),2020,,75.1
EG.FEC.RNEW.ZS,Sierra Leone(SL),2019,,75.4
EG.FEC.RNEW.ZS,Singapore(SG),2021,,1.1
EG.FEC.RNEW.ZS,Singapore(SG),2020,,0.9
EG.FEC.RNEW.ZS,Singapore(SG),2019,,0.9
EG.FEC.RNEW.ZS,Sint Maarten (Dutch part)(SX),2022,,0.0
EG.FEC.RNEW.ZS,Sint Maarten (Dutch part)(SX),2021,,0.0
EG.FEC.RNEW.ZS,Sint Maarten (Dutch part)(SX),2020,,0.0
EG.FEC.RNEW.ZS,Sint Maarten (Dutch part)(SX),2019,,0.0
EG.FEC.RNEW.ZS,Slovak Republic(SK),2021,,17.9
EG.FEC.RNEW.ZS,Slovak Republic(SK),2020,,17.6
EG.FEC.RNEW.ZS,Slovak Republic(SK),2019,,17.6
EG.FEC.RNEW.ZS,Slovenia(SI),2021,,23.4
EG.FEC.RNEW.ZS,Slovenia(SI),2020,,22.7
EG.FEC.RNEW.ZS,Slovenia(SI),2019,,20.9
EG.FEC.RNEW.ZS,Solomon Islands(SB),2022,,50.1
EG.FEC.RNEW.ZS,Solomon Islands(SB),2021,,49.1
EG.FEC.RNEW.ZS,Solomon Islands(SB),2020,,49.0
EG.FEC.RNEW.ZS,Solomon Islands(SB),2019,,48.4
EG.FEC.RNEW.ZS,"Somalia, Fed. Rep.(SO)",2022,,95.4
EG.FEC.RNEW.ZS,"Somalia, Fed. Rep.(SO)",2021,,95.4
EG.FEC.RNEW.ZS,"Somalia, Fed. Rep.(SO)",2020,,95.5
EG.FEC.RNEW.ZS,"Somalia, Fed. Rep.(SO)",2019,,95.0
EG.FEC.RNEW.ZS,South Africa(ZA),2021,,9.7
EG.FEC.RNEW.ZS,South Africa(ZA),2020,,9.8
EG.FEC.RNEW.ZS,South Africa(ZA),2019,,8.7
EG.FEC.RNEW.ZS,South Sudan(SS),2021,,32.4
EG.FEC.RNEW.ZS,South Sudan(SS),2020,,32.8
EG.FEC.RNEW.ZS,South Sudan(SS),2019,,31.4
EG.FEC.RNEW.ZS,Spain(ES),2021,,19.0
EG.FEC.RNEW.ZS,Spain(ES),2020,,19.3
EG.FEC.RNEW.ZS,Spain(ES),2019,,16.7
EG.FEC.RNEW.ZS,Sri Lanka(LK),2021,,48.8
EG.FEC.RNEW.ZS,Sri Lanka(LK),2020,,49.3
EG.FEC.RNEW.ZS,Sri Lanka(LK),2019,,46.1
EG.FEC.RNEW.ZS,St. Kitts and Nevis(KN),2022,,1.5
EG.FEC.RNEW.ZS,St. Kitts and Nevis(KN),2021,,1.6
EG.FEC.RNEW.ZS,St. Kitts and Nevis(KN),2020,,1.6
EG.FEC.RNEW.ZS,St. Kitts and Nevis(KN),2019,,1.3
EG.FEC.RNEW.ZS,St. Lucia(LC),2022,,9.7
EG.FEC.RNEW.ZS,St. Lucia(LC),2021,,9.7
EG.FEC.RNEW.ZS,St. Lucia(LC),2020,,10.0
EG.FEC.RNEW.ZS,St. Lucia(LC),2019,,10.0
EG.FEC.RNEW.ZS,St. Vincent and the Grenadines(VC),2022,,5.1
EG.FEC.RNEW.ZS,St. Vincent and the Grenadines(VC),2021,,5.0
EG.FEC.RNEW.ZS,St. Vincent and the Grenadines(VC),2020,,5.2
EG.FEC.RNEW.ZS,St. Vincent and the Grenadines(VC),2019,,5.4
EG.FEC.RNEW.ZS,Sudan(SD),2021,,61.0
EG.FEC.RNEW.ZS,Sudan(SD),2020,,62.6
EG.FEC.RNEW.ZS,Sudan(SD),2019,,59.4
EG.FEC.RNEW.ZS,Suriname(SR),2021,,14.5
EG.FEC.RNEW.ZS,Suriname(SR),2020,,14.6
EG.FEC.RNEW.ZS,Suriname(SR),2019,,14.9
EG.FEC.RNEW.ZS,Sweden(SE),2021,,57.9
EG.FEC.RNEW.ZS,Sweden(SE),2020,,57.8
EG.FEC.RNEW.ZS,Sweden(SE),2019,,52.9
EG.FEC.RNEW.ZS,Switzerland(CH),2021,,27.7
EG.FEC.RNEW.ZS,Switzerland(CH),2020,,26.4
EG.FEC.RNEW.ZS,Switzerland(CH),2019,,24.8
EG.FEC.RNEW.ZS,Syrian Arab Republic(SY),2021,,1.1
EG.FEC.RNEW.ZS,Syrian Arab Republic(SY),2020,,1.1
EG.FEC.RNEW.ZS,Syrian Arab Republic(SY),2019,,1.0
EG.FEC.RNEW.ZS,Tajikistan(TJ),2021,,34.9
EG.FEC.RNEW.ZS,Tajikistan(TJ),2020,,38.8
EG.FEC.RNEW.ZS,Tajikistan(TJ),2019,,40.1
EG.FEC.RNEW.ZS,Tanzania(TZ),2021,,78.3
EG.FEC.RNEW.ZS,Tanzania(TZ),2020,,80.8
EG.FEC.RNEW.ZS,Tanzania(TZ),2019,,80.4
EG.FEC.RNEW.ZS,Thailand(TH),2021,,19.0
EG.FEC.RNEW.ZS,Thailand(TH),2020,,20.9
EG.FEC.RNEW.ZS,Thailand(TH),2019,,23.9
EG.FEC.RNEW.ZS,Timor-Leste(TL),2022,,11.4
EG.FEC.RNEW.ZS,Timor-Leste(TL),2021,,12.1
EG.FEC.RNEW.ZS,Timor-Leste(TL),2020,,11.4
EG.FEC.RNEW.ZS,Timor-Leste(TL),2019,,11.7
EG.FEC.RNEW.ZS,Togo(TG),2021,,75.1
EG.FEC.RNEW.ZS,Togo(TG),2020,,76.2
EG.FEC.RNEW.ZS,Togo(TG),2019,,78.6
EG.FEC.RNEW.ZS,Tonga(TO),2022,,2.3
EG.FEC.RNEW.ZS,Tonga(TO),2021,,1.8
EG.FEC.RNEW.ZS,Tonga(TO),2020,,1.9
EG.FEC.RNEW.ZS,Tonga(TO),2019,,1.8
EG.FEC.RNEW.ZS,Trinidad and Tobago(TT),2021,,0.5
EG.FEC.RNEW.ZS,Trinidad and Tobago(TT),2020,,0.5
EG.FEC.RNEW.ZS,Trinidad and Tobago(TT),2019,,0.4
EG.FEC.RNEW.ZS,Tunisia(TN),2021,,11.6
EG.FEC.RNEW.ZS,Tunisia(TN),2020,,12.9
EG.FEC.RNEW.ZS,Tunisia(TN),2019,,12.2
EG.FEC.RNEW.ZS,Turkiye(TR),2021,,12.0
EG.FEC.RNEW.ZS,Turkiye(TR),2020,,13.7
EG.FEC.RNEW.ZS,Turkiye(TR),2019,,14.1
EG.FEC.RNEW.ZS,Turkmenistan(TM),2021,,0.1
EG.FEC.RNEW.ZS,Turkmenistan(TM),2020,,0.1
EG.FEC.RNEW.ZS,Turkmenistan(TM),2019,,0.1
EG.FEC.RNEW.ZS,Turks and Caicos Islands(TC),2022,,0.8
EG.FEC.RNEW.ZS,Turks and Caicos Islands(TC),2021,,0.8
EG.FEC.RNEW.ZS,Turks and Caicos Islands(TC),2020,,0.5
EG.FEC.RNEW.ZS,Turks and Caicos Islands(TC),2019,,0.5
EG.FEC.RNEW.ZS,Tuvalu(TV),2022,,5.2
EG.FEC.RNEW.ZS,Tuvalu(TV),2021,,5.0
EG.FEC.RNEW.ZS,Tuvalu(TV),2020,,5.0
EG.FEC.RNEW.ZS,Tuvalu(TV),2019,,6.3
